1,2,3,4,5,6,7,8,9,10,11,12,13,14,15,16,17,18,19,20,21,22,23,24,25,26,27,28,Coluna
1.5442262371590662e-27,0.0,0.0,0.0,0.0,0.0,0.0,1.6718590635944024e-21,2.075645751716226e-37,2.8042239387463297e-36,2.0177781571053264e-23,8.964138526314606e-17,8.352327552829399e-12,0.0,1.0357901289786316e-16,5.541719436078532e-24,7.270797752011714e-24,3.89075306907439e-16,1.7928630576404388e-16,1.670465510836673e-11,0.0,0.0016008232580338813,3.2611145749876e-09,0.00043704737023746593,6.452122109387628e-05,1.0693594408011857e-06,1.6321213535699125e-07,5.735606951645247e-08,1
2.6337893727898527e-18,0.0,0.0,0.0,0.0,0.0,0.0,1.2283153298497599e-13,1.485773872394773e-27,5.948056993511376e-26,2.087583115659452e-15,2.3648062286373423e-14,1.8591624820899537e-10,0.0,2.3400835509076494e-10,1.2157351242518195e-16,5.42330968639865e-17,9.66618239830821e-11,6.462790720736054e-14,3.7183419587816546e-10,0.0,0.36499669517514044,1.2107196019221435e-05,0.00041888138049649143,0.0013273036012904364,0.00018374446800529452,2.055679165361219e-06,5.6065427236844785e-05,3
5.720143571141794e-15,0.0,0.0,0.0,0.0,0.0,0.0,1.4125520904418045e-10,6.487771177367278e-24,3.3562970132696243e-22,9.448075256977004e-14,1.3787649832321953e-15,1.3111587524822809e-12,0.0,6.666537737063295e-07,8.028277033466055e-15,1.517735417457495e-14,5.732703538630625e-09,2.1220709494221215e-13,2.6292447394498716e-12,0.0,0.9924139878509733,0.0007981929250797567,6.379908140065054e-06,0.002380588459660311,0.0006441232794047819,0.0006897117131391636,5.6432991081186673e-05,3
1.6800058294391817e-08,0.0,0.0,0.0,0.0,0.0,0.0,2.438236207562789e-05,5.162548171588541e-16,6.81185607842773e-15,6.136286328447215e-09,1.5364847763158994e-12,3.5450944480513935e-11,0.0,0.0019729089872989737,7.217052810511028e-10,9.121640941760965e-09,8.590299434884315e-06,1.2380704015263173e-08,1.5854452400753668e-10,0.0,1.163782527936836,0.0805086859915944,5.343310660476284e-06,0.012356085794018914,0.0005503661670712972,0.09487585412305104,0.008512372529584348,3
1.2207316967869918e-05,0.0,0.0,0.0,0.0,0.0,0.0,0.007354358136582265,7.172419002702793e-12,2.7937710425907157e-11,6.89489423487562e-08,1.6450620155649456e-11,1.954149793330227e-10,0.0,0.10726738451101962,2.7129567953348837e-08,9.7239172482698e-07,4.149213805036435e-05,1.3814802440002278e-07,5.823540612177661e-10,0.0,1.761371865967094,0.3515004138749232,1.9029570027375018e-06,0.0057511344834570155,8.180159122555256e-05,0.4206437580155347,0.4089675404857459,1
0.0015710304306095996,0.0,0.0,0.0,0.0,0.0,0.0,0.19112050439435418,1.4150384059751874e-09,4.150904903869957e-09,9.880399524330799e-08,8.221893553439284e-11,7.982213637711388e-09,0.0,0.4938349770892536,4.774046321357597e-06,9.158334338575259e-06,1.3574884825150941e-05,1.9782440965493854e-07,1.600803208210646e-08,0.0,1.204986255460962,0.19932432477445006,1.1053596922487909e-05,0.004649026557281354,5.2918007565988326e-05,0.10808922629183944,1.578666220728276,1
0.08995917737517597,0.0,0.0,0.0,0.0,0.0,0.0,1.181058171941215,4.1602479385222976e-08,9.995269688188556e-08,7.950953078109623e-08,9.887423165897502e-11,1.1275003323244405e-08,0.0,0.9176555144333787,0.0016682555299326845,7.134841549338709e-05,4.360732910795665e-06,1.5922502012964942e-07,2.2558022318352744e-08,0.0,1.0210200927678943,0.5635031996870425,0.00013571266787867206,0.04746642289427575,6.803327610200106e-05,0.008975968077244096,1.790948533133659,1
0.36329889094193507,0.0,0.0,0.0,0.0,0.0,0.0,1.1177500018163382,4.800760003620615e-07,9.522977368851743e-07,1.6081890822813307e-08,2.138200383427958e-11,1.975067895260829e-09,0.0,1.689037740052086,0.06972499135570481,0.0032054427992035113,3.928807765558808e-05,3.2207138264958175e-08,3.950748886251646e-09,0.0,1.3642025081924107,0.4864883215742287,0.012152135750216021,0.18568150901859937,2.8600606104028343e-05,0.13393732499782285,0.5819078770241174,1
0.06204904326167305,0.0,0.0,0.0,0.0,0.0,0.0,0.9062994361927152,2.813483667868805e-07,4.4618869749044323e-07,1.2674422379405454e-10,6.223431914879508e-13,4.2884785199920366e-11,0.0,1.992254260978342,0.2900282821573373,0.04084915652624086,4.084828828925909e-05,2.5473656903805876e-10,8.577084804211761e-11,0.0,1.9316652111875006,0.8839781947095242,0.18056052755966667,0.08731657286148833,1.4860902526477696e-05,0.40421307462968736,0.011986534125954016,5
0.002050358251743186,0.0,0.0,0.0,0.0,0.0,0.0,0.9650712874843564,9.106389149206873e-07,1.1189087203498545e-06,1.1503916656829347e-11,1.7711519517213052e-12,9.931126781144096e-11,0.0,1.9959435410145678,0.6766422745074531,0.13595520164189293,6.299800246609595e-05,2.6708331742361574e-11,1.9862390892830154e-10,0.0,1.9935099466678983,1.532431481071693,0.6167105852713252,0.18790529695736882,4.0498158384855426e-05,0.6678167638447022,0.0001441266347629063,4
7.796592653371843e-20,0.0,0.0,0.0,0.0,0.0,0.0,1.6678601788335903e-16,9.024673913296827e-26,3.31890033331762e-25,2.675510084695859e-14,1.8197762148725355e-09,4.234756133685325e-06,0.0,1.4957773618189123e-14,3.660368262540717e-16,1.4357191720294203e-15,5.051339017120435e-10,3.6663132500393954e-09,8.469512894601794e-06,0.0,0.0030034788282886403,1.6862176856364103e-06,0.11247662291422499,0.017312945566015217,0.0016985076190412951,0.0028433567589207878,0.0001686890243246744,1
3.956190173210085e-14,0.0,0.0,0.0,0.0,0.0,0.0,1.714667848231237e-11,5.699228945250378e-21,1.310620672328194e-19,5.97811786656258e-10,1.4161655752891986e-08,8.429974011119184e-06,0.0,1.096782112038761e-09,1.3291216477560309e-11,1.523379715754673e-11,1.2074992724883098e-06,4.007829724990201e-08,1.6861047244701474e-05,0.0,0.29453428234163537,0.0019786622723046627,0.059696422294877434,0.20523525236627577,0.02821558988600715,0.0024853933818501837,0.017958981466695972,0
7.12523346996373e-11,0.0,0.0,0.0,0.0,0.0,0.0,1.6434247500833674e-08,1.0932845515207512e-17,4.857679187024764e-16,3.611127742967188e-08,2.4109623984936645e-09,2.720110363512446e-07,0.0,1.4583596422192263e-06,2.2935798274358023e-09,1.999229739909197e-09,5.9800086930004024e-05,9.60994472789562e-08,5.547798806670645e-07,0.0,0.7992646588396208,0.06981933846296949,0.0034709126352039234,0.3648955128529556,0.07827024925511962,0.0013023107116783518,0.03435771018418344,0
1.3599979978129153e-07,0.0,0.0,0.0,0.0,0.0,0.0,1.7603274538240863e-05,2.6687059266233095e-13,3.692081330667551e-12,1.863325518384386e-06,1.576736771048475e-09,1.3646598288635997e-08,0.0,0.0007200324099199479,3.9917411962460025e-07,8.198208380133035e-07,0.002513883720196118,3.825425473299313e-06,1.1878258930619822e-07,0.0,1.037724764553023,0.6256202929906262,0.001203822532659524,0.660282947128668,0.03442478084146738,0.03617396077289491,0.02173008473826254,3
1.0161799034359655e-05,0.0,0.0,0.0,0.0,0.0,0.0,0.001061491013161513,5.736658509384954e-11,2.5158190965588775e-10,3.4859669398092207e-06,2.2101810666249677e-10,6.060441856756639e-10,0.0,0.019971992882658468,1.2296216403238673e-06,1.3746817695280319e-05,0.0043366149254897455,6.979230258529463e-06,7.962904351626528e-09,0.0,1.815861879054833,0.9044189264258475,3.475268619985937e-05,0.14246835621373583,0.003589408033801437,0.08132379915495788,0.07404478010063358,1
0.007970550062041198,0.0,0.0,0.0,0.0,0.0,0.0,0.09908841479945284,1.068311465968116e-07,4.156613202027241e-07,5.7721512160611425e-05,2.767491071038263e-09,1.4517667578576056e-07,0.0,0.19664812000751483,5.2634354870160856e-05,0.0014415028562414002,0.0038505758032826853,0.00011547639933051029,3.178827415384636e-07,0.0,1.4926781444803414,0.8625686280227375,0.0016607474675266348,0.18897955224119148,0.002259427194333405,0.04418636210771175,0.623033504758066,1
0.40796838769797034,0.0,0.0,0.0,0.0,0.0,0.0,0.9027509296822628,4.1915444486624085e-06,1.8950474610020874e-05,6.459765242395119e-05,1.7182462232644053e-09,1.9353918895104948e-07,0.0,1.1512880028422225,0.008592551061345068,0.01083334054845626,0.0009604600930639254,0.00012920840960359967,3.966717323624699e-07,0.0,1.0413936994618782,0.5235914469853282,0.012682010143914063,0.3076987642372236,0.0007199881906644165,0.009517348236519483,0.9148985739358624,3
0.9750545291847579,0.0,0.0,0.0,0.0,0.0,0.0,0.912506617894997,7.52518326906326e-06,2.8230357483760553e-05,1.5438787991061123e-06,2.2075009939344666e-11,2.117746938150734e-09,0.0,1.9238231435138404,0.15185855780679638,0.011007284060085484,0.0014190647398300714,3.0878615085211195e-06,4.293115258619103e-09,0.0,1.1976752023065873,0.24151441084497097,0.017136073864925605,0.5014710073060868,0.0001317937705943258,0.03281666929521336,0.12051692401509746,2
0.1866426362089468,0.0,0.0,0.0,0.0,0.0,0.0,0.6937653823777002,1.0049475365496483e-05,2.7188802159518105e-05,1.1235422718564087e-08,5.602382778526443e-13,4.037263190365594e-11,0.0,1.9654456661966841,1.0352040591655398,0.16993289669367587,0.0026988466760880726,2.2472064223714555e-08,8.083541941534622e-11,0.0,1.8169972292993148,0.9612859920031229,0.3001869452811873,0.3166722482646392,0.0007569409393860311,0.22251755331249676,0.00303087361020408,2
0.0022753020859847574,0.0,0.0,0.0,0.0,0.0,0.0,0.9087412791294807,5.504734064398345e-06,7.769454142891495e-06,3.086705966359088e-11,8.131881305999868e-14,5.8706705554258856e-12,0.0,1.945261038080882,1.7611920390537417,0.39893399321820255,0.0010502516010370275,6.19332328766889e-11,1.1741754187423274e-11,0.0,1.9446139068436834,1.3853805294036026,0.6537838994596333,0.48852370512578813,0.0007835577077936943,0.4049520572039309,9.895378917440359e-06,6
3.2703898397892164e-14,0.0,0.0,0.0,0.0,0.0,0.0,9.32801119355279e-10,1.68023105168699e-17,6.684373265684966e-17,3.209444454505426e-09,3.2585785585829373e-05,0.004622693562181448,0.0,4.751535122606563e-10,1.1816196477736638e-11,1.8877359855521643e-10,4.486328391740252e-06,7.084656038817623e-05,0.009245415307713197,0.0,0.006147588180733294,4.0226858467858775e-05,0.708456071456856,0.12115453485433067,0.13388374933543723,0.2551992105379466,0.014014830722817324,1
5.13223334221526e-12,0.0,0.0,0.0,0.0,0.0,0.0,1.1533166014581317e-09,6.822986186346734e-16,2.74264602772046e-15,2.771027980058415e-07,1.9676116255226677e-05,0.0020212807197806607,0.0,6.862040420353166e-10,3.3323263565895345e-09,1.9097199623556337e-08,0.00014756610113934027,4.845879179655132e-05,0.004043840588498762,0.0,0.016855347142885616,0.008547080699635782,0.26316246892122885,0.8663789034398659,0.27419579264531113,0.10377177050228446,0.0813248131550102,2
3.709822302702388e-10,0.0,0.0,0.0,0.0,0.0,0.0,5.433826505781437e-09,2.973556783099458e-14,2.460812344321523e-13,2.052716051489398e-06,7.252274332363554e-07,5.231510149701587e-05,0.0,6.618588032601713e-08,2.4135162754473144e-07,3.0512320289842047e-07,0.003425167352599074,1.0714908189017733e-05,0.00010935123874848469,0.0,0.030886014659102033,0.27862461613948997,0.10987907238106974,1.663982000276595,0.664066260840354,0.030501241883126036,0.14903259932870813,3
1.008828406408707e-07,0.0,0.0,0.0,0.0,0.0,0.0,9.116908437750155e-07,4.4320116217002404e-11,2.2297938510160328e-10,5.143307566596727e-05,1.3827746193473497e-07,4.3935646396462316e-07,0.0,1.1187427172947825e-05,1.6252115309791893e-05,7.170788341067794e-06,0.04578667748329987,0.00011209605736146774,9.761107768982879e-06,0.0,0.14382813969754904,0.8985543344754165,0.01890598383273715,1.8157867034858206,0.2698515163538392,0.06327036699426662,0.02939401441617384,1
4.7247817324495515e-05,0.0,0.0,0.0,0.0,0.0,0.0,0.00023175014004340086,7.591036260714248e-08,2.6060541871152425e-07,0.0022680635528933113,4.37558064089138e-07,7.285414415754806e-07,0.0,0.0009696423245858737,0.0008297547162285685,0.0011849749777527558,0.2961256478784932,0.004552509368290332,1.689256347642877e-05,0.0,1.0238222522826708,1.2753067490881542,0.004463416256264032,0.967344966570274,0.22551705360989416,0.038440176213744855,0.007278825909516059,2
0.004495264525830154,0.0,0.0,0.0,0.0,0.0,0.0,0.0098609020607804,4.181824916450786e-06,1.9554536879401145e-05,0.010532604722065164,1.7839462547525753e-07,3.192414226733602e-06,0.0,0.016120615533092672,0.00415376238795923,0.04582574300162699,0.1490418829677429,0.021071984775303067,1.2770708455970243e-05,0.0,1.1112832436216753,1.7791399244079262,0.058114660274381245,0.7860906750139539,0.07935137697112635,0.005231918428540413,0.02917835892359174,4
0.19403559830990985,0.0,0.0,0.0,0.0,0.0,0.0,0.2428135528976658,0.00014618095286046334,0.0011294987698373922,0.010419543392219698,7.47674263885586e-08,3.5802870888352956e-06,0.0,0.4367685365200249,0.019479308676466082,0.3348132449795293,0.050995122113870014,0.020841173877512314,9.08759560176424e-06,0.0,0.7262840607587958,1.5208010048807097,0.3755096734149658,0.6011558926089322,0.018888321727028277,0.004493553975273044,0.0931529656023595,4
0.5637550913699461,0.0,0.0,0.0,0.0,0.0,0.0,0.7794021092620785,0.0016378439940412592,0.009636920139164954,0.0007540052874178746,5.603234509911261e-09,3.1995253947126605e-07,0.0,1.4871796541505644,0.31212916533971136,0.41173692496562775,0.12173344366412354,0.0015080656040685333,6.835718258680072e-07,0.0,1.009171911241482,0.7378908203127795,0.40018869375305,0.6237297782765051,0.010530718229289372,0.024239538659004963,0.03583522879175446,4
0.10496345266369499,0.0,0.0,0.0,0.0,0.0,0.0,0.7071161589077608,0.0023635265429700868,0.009826124776894488,3.85204282424363e-06,3.0712175322611947e-11,7.939806802098196e-09,0.0,1.5745857698375731,1.4584881965055556,0.5764937644622989,0.16516115380475904,7.704188140253093e-06,1.5916032210403962e-08,0.0,1.5730658073687656,1.0948180461545662,1.0811335649179183,0.6832453530226575,0.04615924547782124,0.07820103683739539,0.0008669632162753344,0
0.001334278720700538,0.0,0.0,0.0,0.0,0.0,0.0,0.6742556739700801,0.001540275488236002,0.0024131612844818227,2.1888127920325393e-09,2.3703849310820085e-13,3.5125724750606057e-10,0.0,1.6285306812480052,1.9556092354907175,0.5691411657135484,0.05173956000167076,4.379102251085981e-09,7.025274399496112e-10,0.0,1.709228384227897,1.1231649925968306,1.542702823805458,0.643827349715948,0.039855369643174404,0.11123994277625616,2.0296091620804597e-06,5
1.776044720083489e-12,0.0,0.0,0.0,0.0,0.0,0.0,1.0804915683040486e-06,3.633572398255776e-15,2.9295738182749374e-13,2.2332217529083048e-07,0.005061994826957519,0.1588106270846343,0.0,5.406423862918152e-07,2.5007302470267998e-09,5.659694141494282e-08,0.0005030459453482846,0.009789690741926512,0.31762474714265876,0.0,0.19141904164708218,0.00023301301824021152,0.23914952724987365,0.051303790657539296,0.7332965212219115,1.4344834101205666,0.3838751267550618,5
7.957697922745483e-12,0.0,0.0,0.0,0.0,0.0,0.0,3.337599248181119e-07,3.081015417292136e-14,3.1538114386982913e-13,4.5664395873767075e-06,0.0023412356176338222,0.07058988018235555,0.0,1.6784332671833015e-07,8.408135578985268e-08,1.4950999870943283e-06,0.0037890554854374168,0.004861637477006134,0.14129624586898842,0.0,0.21896640387680918,0.009947365870546395,0.25145568810292024,0.569264351351487,0.9865255441085946,0.8473512575500677,0.46847836189308634,6
1.1759877066384017e-10,0.0,0.0,0.0,0.0,0.0,0.0,8.159284367335576e-09,4.3447405982243846e-13,2.3481519921217604e-12,1.969554380198787e-05,4.6756305067205754e-05,0.0013996781759541338,0.0,4.998945709261861e-09,4.3002204157125436e-06,3.4263230172064575e-05,0.05389614010457159,0.000891601933283178,0.0035207074090354987,0.0,0.034932241324865075,0.20114226852664555,0.37091977797137693,1.2562661216979412,1.5836643017154224,0.17009912799029325,0.11023192237128426,4
3.9998070194199126e-08,0.0,0.0,0.0,0.0,0.0,0.0,1.4144011966934302e-07,3.490430854058516e-10,1.7363797082840658e-09,0.0017102827893720114,2.3863150159948722e-06,1.1235475930031975e-05,0.0,2.301466342828983e-07,0.0006326489593176137,0.0008485066584656684,0.3802773865722733,0.005639242037197662,0.0022255878939001026,0.0,0.12376342616643565,0.9135437342500388,0.10542315396167383,1.6384694219057978,1.3106162088400197,0.3543431807558514,0.016914179314972147,3
1.6243895247833446e-05,0.0,0.0,0.0,0.0,0.0,0.0,2.8052499403281277e-05,2.4774460271273363e-07,1.5624606036640243e-06,0.07660647158909853,3.234346439654214e-06,3.435573322022903e-06,0.0,5.998307923945657e-05,0.030393693967389876,0.00860227670400546,1.376244307368534,0.15488673354127613,0.0016686844573822316,0.0,0.7280236331191466,1.687611023628203,0.08304642243400619,1.2147174743368836,1.0206630590107306,0.13826562323877814,0.0017831745094579708,3
0.0006111106784808558,0.0,0.0,0.0,0.0,0.0,0.0,0.0008061750625882598,8.222534623604544e-06,0.00011519928957011129,0.3396473073477561,5.108845159679176e-07,1.2473238309646248e-06,0.0,0.005029940041403369,0.1339506560424592,0.1660157374437129,1.1638959511644622,0.6795884071221786,0.0002940641502161957,0.0,0.835862647241443,1.9693115717367227,0.44877150389893705,0.869390972063787,0.599507612055325,0.0075969405615989105,0.000871390182495464,3
0.007095491032897278,0.0,0.0,0.0,0.0,0.0,0.0,0.024938032577345712,0.0001261055707311065,0.004779255286429884,0.14246707849435697,1.4871560905627387e-08,2.1362138651453808e-07,0.0,0.12481859752241056,0.07041710803373548,0.8384757983306463,0.4322421749286904,0.2849486679454036,1.4864533146511318e-05,0.0,0.389070563256049,1.9826806161510417,0.9141019233838159,0.5867145303938481,0.1559027630635442,0.0002656372658403985,0.001116917909841984,4
0.020499412790429737,0.0,0.0,0.0,0.0,0.0,0.0,0.40297917190610005,0.004534218043750627,0.11358687825371472,0.008666234366651395,5.692211851199917e-10,2.4878924167399756e-07,0.0,0.6082173194816928,0.260335321177155,1.5820284951672088,0.5785765927557384,0.01733270882444921,7.353709860923045e-07,0.0,0.7345459515613787,1.9274416835610957,1.1243065379889443,1.3706271818514493,0.025264345488839386,0.0014849600156026951,0.0005708064137871638,4
0.004184445862480061,0.0,0.0,0.0,0.0,0.0,0.0,0.761675563844438,0.043939677297950584,0.2982788625214039,4.9266551851055635e-05,3.330909575168763e-12,1.240042465347045e-07,0.0,0.65370122151745,0.9715788322812385,1.6184115226789173,0.558461499650641,9.85334479000896e-05,2.4828242204434476e-07,0.0,1.1796202081708573,1.7239680554766668,1.5164068366794492,1.482963416981657,0.13484058362952708,0.004344326864619857,1.9475791619219848e-05,2
0.00018971040607676474,0.0,0.0,0.0,0.0,0.0,0.0,0.4036905206672552,0.11431159850791395,0.1928676955120227,1.223400991908479e-07,3.069660437044394e-13,9.913792379146413e-08,0.0,0.6882594477341376,1.7604752881463046,1.0945437301185759,0.440833822729552,2.447392975018086e-07,1.9827642615123528e-07,0.0,1.5291306589104467,1.2958251455952496,1.8585674593884671,1.257999561897558,0.3386031395766244,0.008104893230354298,7.201876142118526e-07,0
1.0345522233226358e-13,0.0,0.0,0.0,0.0,0.0,0.0,1.4316630047363079e-05,1.3609599871054226e-15,1.78953726049234e-12,1.1375075374915208e-07,0.1356742984368927,0.7034100547508062,0.0,7.185771415276016e-06,2.4218108783545216e-09,5.211848066066829e-07,0.008193060795226912,0.25561287885771294,1.4068354632678584,0.0,0.8109287540917004,0.00011765108231626603,0.010099762476287593,0.023498845171088266,0.9945564652729182,1.979023245180613,1.6219017745001836,3
7.762624411291921e-13,0.0,0.0,0.0,0.0,0.0,0.0,8.420354616065418e-06,4.285915548814028e-14,1.091141983691917e-11,6.502027750950582e-06,0.05976324604498036,0.2861714399230206,0.0,4.530845802565821e-06,1.9801765925335264e-07,1.739219475394333e-05,0.021120511887935345,0.1333255223808377,0.5741630770229617,0.0,0.8048010491194999,0.007498646480789428,0.0731749479873521,0.1323094675529752,1.0845081236318548,1.7907564516202323,1.6111114905839432,3
2.874808531829323e-10,0.0,0.0,0.0,0.0,0.0,0.0,6.239404753631862e-06,2.2851289731075517e-11,5.99647668780798e-10,0.0006121147046988691,0.004870697062392041,0.017272346048330865,0.0,4.688529818820856e-06,8.914123299037755e-05,0.002924282920105285,0.5131921911354349,0.09607446143914446,0.09568451609527304,0.0,0.24396469637821705,0.2728986042029829,0.4003546423777397,0.8345677139099561,1.6894956811146078,0.6667130981675022,0.48640578547808716,6
1.6939589234270433e-08,0.0,0.0,0.0,0.0,0.0,0.0,3.32641767980023e-07,1.6815830730009322e-09,1.7536302270206153e-08,0.012262596170295141,6.503497233808151e-05,0.00014282315674811623,0.0,8.896946541193371e-07,0.004454277321567363,0.04764394585817495,1.429447109576916,0.15818620045189108,0.1281469551490682,0.0,0.08232843002984583,0.8383970601090542,0.4296101497429451,1.1720347259510708,1.887655034790588,0.3133214818458006,0.014564600048529908,6
1.2902321110291746e-06,0.0,0.0,0.0,0.0,0.0,0.0,1.9195394281341805e-06,1.3409752873570028e-07,3.4040757510628714e-06,0.32361549353171837,6.0212262706839925e-06,9.96819043506028e-06,0.0,9.789666818469587e-05,0.1261449198380275,0.1741814384936164,1.8498845432192386,0.6983420927925676,0.050398669308047504,0.0,0.5497068525014988,1.4922300471891303,0.7099105292229846,1.063181649266618,1.4278596576399036,0.1076427045511246,0.0019498254656850702,4
9.238861781634232e-06,0.0,0.0,0.0,0.0,0.0,0.0,3.1198750321625586e-05,1.6785196567333815e-06,0.00012008499898516004,0.8184927157887452,1.7396213722230629e-07,2.5028398325685595e-07,0.0,0.006307433152309642,0.32208566048067655,0.08474750733723253,1.8719462426902027,1.6386353765218273,0.0016396833805526945,0.0,0.9201883832842459,1.9497098289612451,0.8093609376263247,1.020673288212738,0.9585548390042785,0.0031593997695083674,0.0025394631821091863,4
7.276793387763786e-05,0.0,0.0,0.0,0.0,0.0,0.0,0.004532544062044411,8.57983172202603e-05,0.015193799297013456,0.3415837570128974,3.812843303266705e-09,1.2358847317574404e-07,0.0,0.24324977665398367,0.13979680588353305,0.7113611189396327,1.1292114561965771,0.6832169801222354,4.9593648071805724e-05,0.0,0.7882356998388254,1.9954398788312233,0.9501748864720364,1.354241823469705,0.35150763280130454,9.049048887170647e-05,0.0015863969234985549,2
4.787378829626272e-05,0.0,0.0,0.0,0.0,0.0,0.0,0.04653626009132683,0.003244747261530348,0.29989044786901137,0.007754697471542321,4.393354647194099e-12,3.599225385859758e-07,0.0,0.569686690362789,0.03858522205104408,1.6929661908281213,0.6295613603663825,0.015509511458349709,8.357971727126794e-07,0.0,0.7960982538638661,1.9983065713167967,1.1797070596382975,1.718654210505556,0.0423126144805966,1.2336687458068768e-05,5.5386050956531225e-05,2
1.5271781410654248e-05,0.0,0.0,0.0,0.0,0.0,0.0,0.09970718156903854,0.06619377750517823,0.9650252215443438,4.257818469458383e-05,2.013117451117052e-14,3.3278843756614706e-06,0.0,0.17961725674982854,0.2897036077656578,1.7525360466697706,0.2283306795868173,8.515754435504792e-05,6.6560556886248205e-06,0.0,0.7994851426887885,1.9778561107464478,1.6023969704249648,1.3410325864328552,0.14161262902510624,7.025857524140727e-05,1.2064428629042306e-05,2
8.606543756512646e-06,0.0,0.0,0.0,0.0,0.0,0.0,0.08444535218523612,0.36293150503148086,1.0673500202768713,6.153696043569393e-07,4.207649934959694e-14,2.3178993785941042e-05,0.0,0.0691471607525667,1.3562054366525553,1.6016252094565542,0.32608752883636416,1.2395411787435285e-06,4.635799234246354e-05,0.0,0.8710639735249187,1.865924836892873,1.6959209286480001,1.3575637017141924,0.32679953533672185,0.0006004021757695595,7.514217546503052e-05,2
3.0496840246392432e-15,0.0,0.0,0.0,0.0,0.0,0.0,0.0002400151380490654,4.2740458488366354e-16,1.884161046876846e-11,3.534934443286301e-08,0.9581055752901139,0.7421377742527304,0.0,0.00012386754929673112,3.6550820823749285e-09,5.030923523625743e-05,0.2894301313664102,1.2586659596260708,1.4843098452260821,0.0,0.6474242128931468,9.901419645113472e-05,0.042860047920763186,0.6673768464426614,1.000906966276991,1.9984342559123582,1.2946022144372522,1
1.6384882566591842e-13,0.0,0.0,0.0,0.0,0.0,0.0,0.0003513491025864891,7.976970500209494e-14,9.744928577611955e-10,7.612645665636798e-06,0.3810686162841168,0.3187640382026718,0.0,0.00026834542031158926,3.8480827490069534e-07,0.00010919565355502934,0.23788623012929852,1.129673487911241,0.643514646504353,0.0,0.4500839906187239,0.002844902928385284,0.31257240462584723,0.8325978004833113,1.048938432925521,1.9418767249963187,0.8996323805200866,0
1.0139479868735031e-10,0.0,0.0,0.0,0.0,0.0,0.0,0.00032233757453897235,8.911131808088475e-11,9.981593106109924e-08,0.001024978082527325,0.028261940835499252,0.025340816102360275,0.0,0.0007407781261390968,0.00014385765412176102,0.010738007089931889,0.6863981255438757,1.0203754544406891,0.2723750108030393,0.0,0.11569610072484529,0.09858398236368482,1.1362473069688295,0.7963812670315225,1.5243082646994857,1.3268302826937302,0.2270258469717698,4
1.5632014899395355e-09,0.0,0.0,0.0,0.0,0.0,0.0,7.358393545184483e-06,1.931062575439012e-09,2.402226370577241e-07,0.006618847609534613,0.00024275252961657512,0.00024862539067643346,0.0,0.000120271482348035,0.002456652268197238,0.15929806519816447,1.5567018094406584,0.691073381528975,0.4565867112898183,0.0,0.014226870539906573,0.33805805486469753,1.6105931281383323,0.9586333612418141,1.918899431326144,0.7004056678603833,0.0075948621551045915,5
4.872650410189757e-08,0.0,0.0,0.0,0.0,0.0,0.0,4.249225470658251e-07,5.1422638112621905e-08,4.538030146955135e-06,0.11036161215625727,6.430403674660007e-06,1.1057811142950055e-05,0.0,6.903991987806855e-05,0.04463005011206531,0.5770600941985939,1.8806024412675746,0.40774025364164557,0.1550639296248133,0.0,0.15913522407698721,0.9193865655153756,1.7257995288785057,1.036581306767913,1.76721117988669,0.19976901948958894,0.03376507242029932,2
1.6600738589419276e-06,0.0,0.0,0.0,0.0,0.0,0.0,8.165035835921826e-06,1.8981020956681374e-06,0.000540646715178585,0.40442707750211143,3.343701039272082e-07,6.888511761397576e-07,0.0,0.005141373469646107,0.17011372461198904,0.23434865525066426,1.727811806403053,0.8195260902226592,0.010090503324018061,0.0,0.7502256515477023,1.620674159715684,1.2843486395022918,1.3497763646349532,0.8607509962594065,0.018075294985793255,0.1274786464147462,2
1.4605971623855342e-05,0.0,0.0,0.0,0.0,0.0,0.0,0.00031323040397452924,4.2491430317425624e-05,0.025168976468214872,0.1083323216587589,4.284174948033957e-09,1.4514163999293303e-06,0.0,0.07297922912541664,0.04740522738641144,0.35474225411755234,0.9371608422750649,0.2167678844238136,0.00010505112125203816,0.0,0.7884545908612994,1.958406120509741,1.0790862838745288,1.8092717185088822,0.13506046359521573,0.0011777085698088633,0.032946576749218116,2
4.099837585093084e-05,0.0,0.0,0.0,0.0,0.0,0.0,0.0022894919500084858,0.0011035006836591205,0.4599063923012251,0.002857737429298469,9.401000794224687e-12,3.3777216929132025e-05,0.0,0.1578794694771797,0.01320318814821509,1.058802297215214,0.29818181231111407,0.00571579297206698,6.781581722839177e-05,0.0,0.3435450160493277,1.9989366534772015,1.18339794889465,1.7128206108427857,0.13193931801714462,0.00023711401648742047,0.0009612368526873969,4
5.2661681187487496e-05,0.0,0.0,0.0,0.0,0.0,0.0,0.004018072194955389,0.01803604599289452,1.5380427464556403,1.8943786471971564e-05,1.2024662405013063e-14,0.0005481474958369674,0.0,0.04049096645634302,0.27668326446922065,1.1872666848899336,0.15036588755993738,3.803411976011883e-05,0.0010962954171789055,0.0,0.20518150123062875,1.9989846084062304,1.1876317931776263,1.5430114461836082,0.484188635078714,0.0032721054210321505,0.0016433974898249772,0
6.698967968266747e-05,0.0,0.0,0.0,0.0,0.0,0.0,0.004045132907355527,0.09072200023253112,1.805873967850202,5.101333991805662e-07,7.244139618231797e-15,0.002789433383746922,0.0,0.004964256831769675,1.2575198680914221,1.1378454378583875,0.4817864776450828,1.949777093036701e-06,0.005578866775954077,0.0,0.1676689469832334,1.9942845866946652,1.1496892555861797,1.604069706059735,0.8523510950468557,0.016749441246480663,0.00836940114524553,3
2.7900972842932183e-15,0.0,0.0,0.0,0.0,0.0,0.0,0.012848794981975034,3.4945721909497994e-16,5.368312004847161e-10,7.009385166314115e-09,1.5110246543228711,0.38949424709413344,0.0,0.006576654509336157,5.91241295942362e-08,0.004244053292635001,0.7683458757310455,1.1498322166521713,0.7790028075723626,0.0,0.09629166096465253,0.002185090125521271,0.09293729071088805,1.7758473423257228,0.9992080137168495,1.987299208033442,0.17946658929003517,3
7.582000699582964e-14,0.0,0.0,0.0,0.0,0.0,0.0,0.004259155340888889,1.1476013400181109e-14,9.998136138868977e-09,2.854923382599255e-07,0.4110726619628167,0.11106391878408912,0.0,0.00494105370756688,1.1865347275933425e-07,0.0014454954200674708,0.3545765697879594,1.2904368178622743,0.22284265558714494,0.0,0.035092641783110036,0.0007552440990917594,0.3933961113394881,1.6481033928571251,1.047649441080661,1.9352550045760948,0.06019606004863122,4
1.6396828059031596e-11,0.0,0.0,0.0,0.0,0.0,0.0,0.0007367029475852362,3.0141909200312887e-12,9.468081254506276e-07,2.8758773303769406e-05,0.013126983509537515,0.004357303950718391,0.0,0.013352638593717584,8.279867096292523e-06,0.0015893213994328857,0.12490509562521591,1.2849534963380966,0.037302650066189845,0.0,0.018671679152026836,0.003786228996685977,1.302452760038385,0.7540748537333893,1.298490019447257,1.467821358696777,0.006481107524910792,3
8.013051678306919e-10,0.0,0.0,0.0,0.0,0.0,0.0,5.0314727208272515e-05,1.2880700336560913e-10,1.4283619433501864e-05,0.00042020566701863075,0.00015259576026123344,7.476848193283606e-05,0.0,0.005497708547093913,0.00021247568496910122,0.035807904821701805,0.2763301976853407,0.6859223428780026,0.09484563015933796,0.0,0.015899755773885048,0.046010020367981116,1.9093625912607641,0.665461799003997,1.4061547605652573,0.8220414101002781,0.003581222837449098,3
2.662957570642265e-07,0.0,0.0,0.0,0.0,0.0,0.0,5.212812453300272e-06,1.3407758417798036e-08,8.165245468306264e-05,0.008048420584280964,4.589349971351391e-06,6.027046812678582e-06,0.0,0.0009040065420919452,0.0047258121953100245,0.18596650688653313,0.7239848768569169,0.19765565955004366,0.05648840280539636,0.0,0.12724052531436666,0.3216974638114072,1.9689940486622095,0.9927870163945299,0.8405921032065062,0.4299523077806867,0.1404757035882835,2
4.621721620538517e-05,0.0,0.0,0.0,0.0,0.0,0.0,2.357565700164981e-05,7.534568992193271e-07,0.0005582734222963067,0.030590143067380653,3.5540390606029016e-07,1.1820050149989913e-06,0.0,0.000689652346312967,0.0193540009287255,0.09750616349978174,1.2646677276205263,0.06970285304168149,0.006203292644125593,0.0,0.5973353268377093,0.8387969453692653,1.8585979119035108,1.6825556188316075,0.2602351444195037,0.21209635795181098,0.594020556827507,4
0.0014886281253834526,0.0,0.0,0.0,0.0,0.0,0.0,0.0007572116650704826,3.233607179564534e-05,0.026557368084971708,0.01607798043148404,1.7054431077776167e-08,4.3404210246983024e-05,0.0,0.00841009822841588,0.012575808375038269,0.27525423580864466,0.6295682236296236,0.032328274051651576,0.0002503010473632905,0.0,0.5442289863175728,1.6909790151099682,1.6203316860910684,1.4836166942776714,0.28451511564822063,0.04437361047166264,0.21532892788660216,0
0.0036204622128164204,0.0,0.0,0.0,0.0,0.0,0.0,0.0018418136183694625,0.0001248658461238259,0.16580004587810843,0.0004503589816660126,3.7138488483403956e-11,0.0008210036112126205,0.0,0.009555153258275986,0.007691909788593812,0.595386801556876,0.05511994642651388,0.0009108070046611253,0.0016424222215322833,0.0,0.20404127218689452,1.9892042405418005,1.7669986829535156,1.049861663471454,0.440042822003621,0.005579281027098217,0.00819495096386785,0
0.012259380990154134,0.0,0.0,0.0,0.0,0.0,0.0,0.006238195524299025,0.0015637325402051872,1.0425653327000233,1.68168186274694e-05,1.7871687088881018e-13,0.03026182701351666,0.0,0.015444255010311223,0.23303248438809415,0.7245281311533035,0.04939536976437737,0.00010471553028719719,0.060523656497022404,0.0,0.20741026209361763,1.993526949856543,1.2936592736543187,1.2358786123683265,0.9547229331835599,0.17443809946479152,0.08738029505568919,1
0.00462963414984815,0.0,0.0,0.0,0.0,0.0,0.0,0.002380062726446905,0.004003203946672874,1.4453102020199413,3.21290166335948e-07,1.525849304908538e-14,0.08892298334292487,0.0,0.004833752136630966,0.7505393819374467,0.7377552372565838,0.1470175222454208,0.0001367523023025834,0.17784596671500755,0.0,0.27178537253077634,1.9976031804486343,1.012830092474278,1.2292339385626971,1.659282734284865,0.4969151454598664,0.24845898725056303,1
8.161830884402113e-14,0.0,0.0,0.0,0.0,0.0,0.0,0.9677442111837457,3.5286725019387465e-16,5.3403925823906836e-08,6.804149842339175e-09,0.6896180501656177,0.17334987394862203,0.0,0.49365432924735964,4.520069108233097e-06,0.32994075959345326,0.39700647721767357,0.6038227826303758,0.34673443510672786,0.0,0.5043158543346716,0.15774303599119482,1.0823835174529313,1.8581041446277327,0.8231450371353197,1.1631468463130996,0.0341716839795182,2
4.350394722617499e-12,0.0,0.0,0.0,0.0,0.0,0.0,0.3623052063790654,1.3560871012219453e-14,2.4918933058312794e-06,1.816896491642871e-07,0.21094136487190812,0.05309976460999331,0.0,0.3937022143062593,8.251131660231623e-06,0.12969385172747727,0.24857119331257774,0.842562986627816,0.10649661765914602,0.0,0.40317037312723875,0.05193622956747113,1.175534403365637,1.1966931709258672,0.7400808765481588,1.1828023026024732,0.012616576236678455,4
1.2447206750282173e-11,0.0,0.0,0.0,0.0,0.0,0.0,0.013094153980355063,3.677359627363785e-14,6.655355353884449e-05,5.017016671440735e-07,0.0037785410119359607,0.0009030343082425312,0.0,0.42540411974321996,1.03406698788122e-06,0.008221967240791862,0.02696401757022816,0.3572793196483632,0.0029286992956916664,0.0,0.4807337948575009,0.02409291619263008,1.8135141664566103,0.2164368365919498,0.4965458742502233,0.5051970464687746,0.0003321412796978466,2
6.261876784811141e-11,0.0,0.0,0.0,0.0,0.0,0.0,0.00010947758961244454,4.807390401882298e-14,0.00048826025350393694,8.329755593597839e-07,6.548474173929928e-06,1.5842784375424177e-06,0.0,0.06691845638667837,6.116699081106797e-07,0.015972567411667145,0.003867030678103591,0.11146509973427442,0.0011238429065905762,0.0,0.14235615833442303,0.022294757340102174,1.9873491302922754,0.21415691909961904,0.5095493126596333,0.4535756081697852,0.0011218558503895205,5
6.91994173871665e-08,0.0,0.0,0.0,0.0,0.0,0.0,2.7369304967452794e-06,1.3214578522413173e-11,0.002214031760240822,1.9993389531242267e-05,4.6505304577442996e-08,3.002011311512503e-08,0.0,0.0023029247185669365,1.6454349462844623e-05,0.06617275247303758,0.03448226922324695,0.024639044369668343,0.0005175563780445882,0.0,0.06220392789663512,0.026995549969747318,1.964312195417334,0.8058952987909477,0.16268727573922886,0.33882712060275394,0.06463910174570935,4
7.953098473451652e-05,0.0,0.0,0.0,0.0,0.0,0.0,3.997445828304998e-05,5.644127665721501e-09,0.001967033634798562,0.0003172296371115205,7.179096429740023e-09,2.6572250811801055e-07,0.0,0.00016927046921675463,0.0003119538468824135,0.03141983469645707,0.1770742535983198,0.0012905995146965492,0.00013884197488045217,0.0,0.19267140977480465,0.1187062208232103,1.7900689209745904,1.6270851239732897,0.08110922617127363,0.4319460116783734,0.4606600070244343,4
0.007983674412913686,0.0,0.0,0.0,0.0,0.0,0.0,0.003991882655619682,8.30802295475377e-07,0.0026559630633802038,0.0006213738398073617,1.4274752229094082e-09,7.58857402315151e-05,0.0,0.008048558471053294,0.0010467795474821122,0.060235072594817606,0.08703705453060566,0.001273757978906429,0.0001628880204095048,0.0,0.3509485539499575,1.0137780774255107,1.887311001955458,1.3385123704016622,0.6462308552309316,0.11745690269420718,0.4010942098448727,3
0.04075348849776954,0.0,0.0,0.0,0.0,0.0,0.0,0.02037680695601791,1.7867204720848409e-06,0.007483344538603383,1.6023413803368015e-05,3.506970891173123e-12,0.0014425662243174263,0.0,0.040777478023065916,0.0008369144785705219,0.08521388583303938,0.002236185792131318,0.00014163374309835092,0.0028851658021697806,0.0,0.3864537632294849,1.895614718730511,1.9325345683233905,0.7195709777322625,0.9501394485091297,0.010574934292980358,0.04418019798350825,3
0.2659202285903515,0.0,0.0,0.0,0.0,0.0,0.0,0.1329607705060334,2.5150863078804454e-05,0.13808613457737867,2.7834475927896475e-06,1.2766666597174993e-13,0.08848612186932582,0.0,0.2659491344079489,0.042245687632408206,0.12389801799076994,0.003945495124142492,0.00410411867654407,0.17697224571287246,0.0,0.6544848747910387,1.8625017291079637,1.3300300830155827,0.8706534269874813,1.487513981824589,0.4868357496374051,0.2454347065319395,2
0.1044930394219011,0.0,0.0,0.0,0.0,0.0,0.0,0.052247740703640494,5.2949528861869205e-05,0.29428168131494903,1.7277457491528377e-07,1.806114041681071e-14,0.27241050497249764,0.0,0.10449650338486145,0.13319967538110628,0.16189930807186204,0.01045906117040887,0.011553354653263608,0.5448210100141611,0.0,0.8450930081535521,1.9477072711661763,0.9874213829177049,1.0167983432834378,1.9608491575031415,1.529799190958108,0.7649109257433104,0
1.7248294221237374e-15,0.0,0.0,0.0,0.0,0.0,0.0,1.968043788156228,1.127263325929382e-19,1.8316428431455258e-08,8.256597462167875e-12,0.009800782924379173,0.002475244966070612,0.0,0.9928687232279542,2.76560690973414e-07,0.6512126273797222,0.005685935980030539,0.008310027398698181,0.004950712300387477,0.0,0.9929550333907039,0.3649175244364423,1.9872239734281802,1.7477600934935285,0.5516676810622798,0.34691315424675906,0.0843577445257712,1
1.078842613082021e-13,0.0,0.0,0.0,0.0,0.0,0.0,1.142012482494912,4.642781297715815e-18,7.4525932640966386e-06,2.5641393969199307e-10,0.0035050315789018896,0.0008638033822956604,0.0,0.980300961980977,6.11946489109733e-07,0.44464732716451993,0.004460266021052528,0.014279135732867869,0.001728724452496455,0.0,0.9891859161374671,0.11160103397756081,1.9867067897523578,0.5655389934056562,0.1950036731703028,0.14811381048246683,0.032028731933311134,2
1.1616173788632134e-13,0.0,0.0,0.0,0.0,0.0,0.0,0.06952512201707704,3.234465885859615e-18,0.0004895310359588393,2.305648786991149e-10,3.320091852763416e-05,8.018562752141487e-06,0.0,0.8915384001408712,1.9704364071380862e-08,0.04987994900289014,0.00025605423824238716,0.003639066491794479,1.7090766239795992e-05,0.0,0.9642040050162356,0.020135587094267327,1.998166861992978,0.009015428736347591,0.02549809237286268,0.025989442373234556,0.00030821649655432385,2
2.1935431351226084e-11,0.0,0.0,0.0,0.0,0.0,0.0,0.0024225591231714465,4.183704704683035e-17,0.02464063081856912,3.943271010117866e-09,1.7496831133137898e-07,4.262377740421207e-08,0.0,0.2991139369992307,1.474725648105682e-08,0.20999921729239526,3.766318493796947e-05,0.0028384921324971554,3.6519302565854787e-06,0.0,0.6841933025752507,0.08685275041898778,1.9968027711044565,0.07538840261591308,0.11813769626350712,0.10535235981163224,0.0003193872822200955,2
7.652722545227722e-08,0.0,0.0,0.0,0.0,0.0,0.0,1.9662397280213273e-05,2.34575818162232e-14,0.09358706565352226,1.8224627214281802e-07,1.7081453472913058e-09,6.870606086114581e-10,0.0,0.008040794792041617,8.603977592863621e-07,0.5441423761234758,0.0008320388243138968,0.0004770919533911648,3.0866173615353612e-06,0.0,0.24079428543119008,0.04848737895566306,1.8492332773484708,0.6408812229076158,0.0435581468186964,0.10946812341222134,0.022108960727233604,0
4.225743304612168e-05,0.0,0.0,0.0,0.0,0.0,0.0,2.1216552858490926e-05,1.8912130333802497e-12,0.027595127824701682,6.084159430086588e-07,1.0275972062193848e-11,4.376316118766362e-08,0.0,8.087023462987693e-05,4.001115414510684e-06,0.18677802561535595,0.002813826437985292,9.070372165755543e-06,4.622136973629874e-07,0.0,0.4102821108530917,0.02634215932751139,1.4474858550765595,1.7360442478226863,0.1583814518299874,0.09028650386415259,0.21988192578167567,1
0.008327882209800956,0.0,0.0,0.0,0.0,0.0,0.0,0.0041639424744234,1.0730930323759935e-09,0.0010675753282345548,2.572795887647567e-06,4.524984095888221e-12,2.630481056657611e-05,0.0,0.008328306493149543,0.00011921276679709007,0.18618057020574497,0.0013136200730902495,2.5193318006132868e-05,5.266488657720294e-05,0.0,0.5287445392238853,0.21486007772504795,1.8419910181410282,1.8882889228080444,0.6520529689263359,0.024563301403469753,0.5875074475353906,2
0.4775986472659705,0.0,0.0,0.0,0.0,0.0,0.0,0.23879932607705942,1.6184987290693117e-07,0.0018308041987689656,3.629950528210288e-06,1.8101660177759028e-12,0.006131429647850606,0.0,0.4775991244761191,0.0009691556551199341,0.21491124345298981,0.003307087630936723,0.005001404259664119,0.012262883379098994,0.0,0.6335419868860439,1.1158939694574554,1.707757173569621,1.1869204329895422,1.1750588987784916,0.10938625810887932,0.2854618114136831,4
1.5313984668589622,0.0,0.0,0.0,0.0,0.0,0.0,0.765699235867148,1.920215369128961e-07,0.005816523764015276,8.121554089596583e-08,6.494401534279999e-15,0.1164023842519347,0.0,1.531398561876429,0.00149855823980698,0.3948451985507517,0.05179300930591268,0.10348852198420269,0.23280476871738223,0.0,0.9263095451860136,1.217281222585009,1.1290042960061386,0.968332069710217,1.8760463797600266,0.6058848322045116,0.3088232579282276,0
1.324136036461669,0.0,0.0,0.0,0.0,0.0,0.0,0.6620680381444359,1.226871955555649e-06,0.018908611384843885,1.9789037898191323e-08,1.7546969507497443e-15,0.49521028415097906,0.0,1.324136082644137,0.006674854762353965,0.5166825250666585,0.22622095631525727,0.45222574313856273,0.9904205683216215,0.0,0.9874392958187307,1.3376994798459434,1.3576938721836656,1.0007554852220608,1.9912873538253486,1.4840812243421126,0.7420783389405912,1
1.0923831412665075e-14,0.0,0.0,0.0,0.0,0.0,0.0,1.9884329285867501,2.4132887939461074e-20,1.0398608718440247e-07,9.083772624731279e-13,9.275923730278166e-05,1.9696411841991922e-05,0.0,0.9997316368055497,1.4449798612737018e-06,0.8217498717320152,6.786925303554647e-05,0.0001264718236016398,3.9468234433773225e-05,0.0,0.9999557708956904,0.35717409367028974,1.999850686502664,0.7166933502319937,0.24113762378733636,0.17278510397404725,0.4797073534845164,2
4.092412123663675e-14,0.0,0.0,0.0,0.0,0.0,0.0,1.7939141317953091,4.3224229119679196e-20,1.1568001860496666e-05,1.7435621616748495e-12,9.413331145665303e-06,2.1007877456996714e-06,0.0,0.9943682301821432,2.6414504048050273e-07,0.7872468912441556,1.352299601303677e-05,4.3633247312095005e-05,4.214279053169079e-06,0.0,1.0016254186404505,0.05880852208052753,1.9999636896288906,0.12259387664735125,0.04067203090677999,0.11404408053693872,0.07155198514292213,2
6.395929363258506e-12,0.0,0.0,0.0,0.0,0.0,0.0,0.6020632969726221,3.958848785627128e-18,0.0050229192480620065,1.802472681851446e-10,1.1168332856815388e-06,2.0726428249767025e-07,0.0,0.7418706287128537,1.5234122544895241e-06,0.4678195701815937,5.97986287021863e-06,4.779781144290243e-05,5.069370218458271e-07,0.0,1.065758959684157,0.10278716478345853,1.9999555939551872,0.010711815530465175,0.0032694391065640578,0.04051665103796755,0.0035021541712199574,2
2.4308732358643365e-10,0.0,0.0,0.0,0.0,0.0,0.0,0.013855141326865734,3.654709485049647e-17,0.15241909922667254,7.585924874978425e-10,5.59621828203756e-09,1.5730050921654114e-09,0.0,0.12155345716318776,3.3167223378087216e-07,0.9027077251617792,8.841887512831811e-07,9.303249282788775e-06,3.3267596729819185e-08,0.0,0.945542922329621,0.21329466608929,1.9982054696451539,0.15956878340819422,0.004166995751825749,0.004149214538411756,0.00010849910955932791,0
2.2843195286644917e-07,0.0,0.0,0.0,0.0,0.0,0.0,7.336763217495708e-05,1.5034235194689355e-14,0.49695169019354063,1.5974596946466968e-08,1.2973844610565087e-10,5.758817981740137e-10,0.0,0.0029511439484742517,9.640015632953268e-06,1.3645927992891302,1.4947058380903696e-05,1.211778873881434e-06,4.533545175671308e-08,0.0,0.290916865213511,0.06855221302254363,1.9310036686493839,0.6702602004462519,0.009442010283552363,0.0054594217742064315,0.0038215275031463687,0
0.00017322345557134634,0.0,0.0,0.0,0.0,0.0,0.0,8.741606151350209e-05,1.5346489470024886e-12,0.181965605925403,7.351829337130559e-08,7.981436632289753e-12,2.9687569919530744e-07,0.0,0.00022021196662254435,0.00010760538805680636,0.7595315202215889,0.00010260616422379454,5.208287832007981e-07,6.155292843792828e-07,0.0,0.6469586884602431,0.12785955884914887,1.680675303893284,1.6176205829819112,0.35286451739097835,0.014703914998083198,0.0848794644114158,0
0.015070403508013478,0.0,0.0,0.0,0.0,0.0,0.0,0.007535204858235153,3.975443500060462e-11,0.0035014367277118393,6.094554422506029e-08,5.795358452634479e-13,4.977678151230313e-05,0.0,0.015070666722259466,0.0003534081983962528,0.7570991965214726,0.00022927678787358649,5.5768154770206666e-05,9.955775727917192e-05,0.0,1.1011828912439805,0.26596239362356483,1.9315853678201231,1.9819184396987408,0.8712965986928016,0.010509510642988879,0.1789713450711034,2
0.9768066231634183,0.0,0.0,0.0,0.0,0.0,0.0,0.4884033120444565,7.319212538203977e-09,0.0001896926852233136,2.515683960278379e-07,5.288543399241985e-13,0.016999504164567393,0.0,0.97680667307038,0.0031204384919103767,0.8250146084857721,0.011160596868924823,0.01911551530120241,0.03399901824686832,0.0,1.0883677383699115,0.6910129361223049,1.8672056867737021,1.483975755030736,1.4547423089318134,0.39339015050534243,0.28114001561093427,0
1.9778098656441894,0.0,0.0,0.0,0.0,0.0,0.0,0.9889049328341455,7.888609636706864e-10,3.2608569088676055e-05,1.2469458514149752e-09,3.557056043397705e-16,0.2060285696377163,0.0,1.9778098657815644,3.647152348021014e-05,0.9240601686185969,0.12721615226048835,0.2544022675485768,0.4120571392877564,0.0,1.0000398047545478,1.000403035528266,1.8571234427083128,1.00562748554421,1.9912648152492651,1.1845796341097188,0.5934617103862271,1
1.9864730663715366,0.0,0.0,0.0,0.0,0.0,0.0,0.9932365332174372,2.0798960468644844e-09,7.939074556836079e-05,1.397766510686259e-10,3.7315272726551345e-17,0.7726721916034344,0.0,1.9864730664311483,2.663349508433642e-05,0.9705888469226355,0.4894468913865614,0.9788895610633064,1.545344383207194,0.0,0.999925676779237,1.0066812182181504,1.947918802267891,1.0000237172687017,1.9998302465028357,1.7655932658836024,0.8828017431375342,1
